{
    "frame_dimension": {
        "width": 640,
        "height": 640
    },
    "blob": {
        "minThreshold": 48.0,
        "maxThreshold": 186.0,
        "minArea": 108.0999984741211,
        "maxArea": 512.0999755859375,
        "minCircularity": 0.009999999776482582,
        "minConvexity": 0.009999999776482582,
        "minInertiaRatio": 0.009999999776482582
    },
    "perspective_transform": [
        [
            83.0,
            36.0
        ],
        [
            569.0,
            41.0
        ],
        [
            569.0,
            435.0
        ],
        [
            76.0,
            436.0
        ]
    ],
    "processing_parameter": {
        "blur_filter": 10
    }
}